Shipment_ID,Order_ID,Region,Product_Category,Transportation_Mode,Shipment_Date,Quantity,Weight_kg,Volume_m3,Status,Delivery_Time_Days,Transportation_Cost
SHP1001,ORD5001,South,Electronics,Road,2026-01-01 00:00:00.000000000,27,59.1,6.23,Delivered,4.8,1029.63
SHP1002,ORD5002,Central,Home & Living,Road,2026-01-01 14:26:53.377926421,89,2.3,3.3,Delivered,3.6,532.26
SHP1003,ORD5003,West,Home & Living,Road,2026-01-02 04:53:46.755852842,23,38.5,4.85,Delivered,4.9,885.44
SHP1004,ORD5004,East,Home & Living,Road,2026-01-02 19:20:40.133779264,116,25.2,5.1,Delivered,6.2,868.73
SHP1005,ORD5005,North,Sports,Road,2026-01-03 09:47:33.511705685,23,68.5,3.05,Delivered,5.6,887.42
SHP1006,ORD5006,North,Beauty,Road,2026-01-04 00:14:26.889632107,40,57.8,4.15,Delivered,4.8,989.22
SHP1007,ORD5007,North,Home & Living,Road,2026-01-04 14:41:20.267558528,33,48.0,3.36,Delivered,3.6,780.91
SHP1008,ORD5008,Central,Apparel,Road,2026-01-05 05:08:13.645484949,64,23.6,0.65,Delayed,3.6,412.56
SHP1009,ORD5009,East,Sports,Road,2026-01-05 19:35:07.023411371,86,73.0,3.55,Delivered,3.4,1198.93
SHP1010,ORD5010,West,Apparel,Rail,2026-01-06 10:02:00.401337792,6,5.5,0.87,Delivered,2.2,364.4
SHP1011,ORD5011,North,Apparel,Road,2026-01-07 00:28:53.779264214,5,10.5,3.3,Delayed,4.7,485.2
SHP1012,ORD5012,Central,Electronics,Air,2026-01-07 14:55:47.157190635,51,32.5,4.78,Delivered,4.3,770.29
SHP1013,ORD5013,West,Electronics,Rail,2026-01-08 05:22:40.535117056,73,11.7,4.68,Delivered,5.5,769.04
SHP1014,ORD5014,North,Beauty,Road,2026-01-08 19:49:33.913043478,24,76.6,5.33,Delivered,5.4,1326.34
SHP1015,ORD5015,North,Sports,Air,2026-01-09 10:16:27.290969899,15,64.2,0.85,Delivered,3.8,801.03
SHP1016,ORD5016,North,Home & Living,Sea,2026-01-10 00:43:20.668896321,110,22.2,5.25,In Transit,5.3,841.22
SHP1017,ORD5017,South,Apparel,Road,2026-01-10 15:10:14.046822742,6,47.9,2.57,Delivered,4.1,741.45
SHP1018,ORD5018,East,Electronics,Road,2026-01-11 05:37:07.424749163,71,78.6,3.25,In Transit,4.4,1147.63
SHP1019,ORD5019,South,Electronics,Air,2026-01-11 20:04:00.802675585,91,71.0,6.88,Delivered,4.8,1139.58
SHP1020,ORD5020,South,Electronics,Air,2026-01-12 10:30:54.180602006,16,48.9,0.17,Delivered,3.9,636.35
SHP1021,ORD5021,East,Home & Living,Road,2026-01-13 00:57:47.558528428,24,72.5,4.75,Delivered,4.4,1115.85
SHP1022,ORD5022,North,Sports,Road,2026-01-13 15:24:40.936454849,9,79.2,4.83,Delivered,4.1,1201.8
SHP1023,ORD5023,South,Home & Living,Road,2026-01-14 05:51:34.314381271,41,60.0,3.23,Delivered,5.3,999.27
SHP1024,ORD5024,South,Apparel,Road,2026-01-14 20:18:27.692307692,42,7.1,1.97,Delayed,3.9,447.06
SHP1025,ORD5025,South,Beauty,Rail,2026-01-15 10:45:21.070234113,98,33.3,1.95,Delayed,4.8,833.16
SHP1026,ORD5026,West,Sports,Road,2026-01-16 01:12:14.448160535,13,67.4,7.08,Delivered,4.5,1275.76
SHP1027,ORD5027,North,Home & Living,Road,2026-01-16 15:39:07.826086956,102,20.0,3.59,In Transit,5.1,718.79
SHP1028,ORD5028,East,Home & Living,Air,2026-01-17 06:06:01.204013378,57,66.8,2.71,Delayed,4.1,981.25
SHP1029,ORD5029,East,Apparel,Road,2026-01-17 20:32:54.581939799,48,11.4,3.65,Delivered,4.1,478.95
SHP1030,ORD5030,North,Electronics,Road,2026-01-18 10:59:47.959866220,103,5.7,5.39,Delivered,3.7,623.45
SHP1031,ORD5031,East,Apparel,Air,2026-01-19 01:26:41.337792642,120,32.0,1.25,Delivered,5.2,641.65
SHP1032,ORD5032,North,Sports,Air,2026-01-19 15:53:34.715719063,90,4.9,3.65,Delivered,5.5,536.55
SHP1033,ORD5033,North,Electronics,Road,2026-01-20 06:20:28.093645485,112,76.7,4.74,Delivered,2.9,1187.81
SHP1034,ORD5034,Central,Electronics,Rail,2026-01-20 20:47:21.471571906,28,66.4,7.59,Delivered,4.2,1224.87
SHP1035,ORD5035,Central,Electronics,Road,2026-01-21 11:14:14.849498327,85,64.5,2.09,Delayed,4.6,944.2
SHP1036,ORD5036,West,Electronics,Road,2026-01-22 01:41:08.227424749,78,51.1,2.94,Delivered,4.4,955.6
SHP1037,ORD5037,South,Sports,Rail,2026-01-22 16:08:01.605351170,34,18.9,3.1,Delivered,5.6,582.19
SHP1038,ORD5038,North,Sports,Road,2026-01-23 06:34:54.983277592,63,42.4,4.88,In Transit,3.3,787.03
SHP1039,ORD5039,West,Apparel,Road,2026-01-23 21:01:48.361204013,114,48.6,2.92,Delayed,3.3,932.92
SHP1040,ORD5040,South,Electronics,Road,2026-01-24 11:28:41.739130434,91,43.0,4.31,Delivered,4.6,924.67
SHP1041,ORD5041,North,Home & Living,Road,2026-01-25 01:55:35.117056856,100,22.3,6.28,Delayed,3.9,833.39
SHP1042,ORD5042,East,Apparel,Road,2026-01-25 16:22:28.494983277,85,42.2,5.67,Delivered,5.5,990.67
SHP1043,ORD5043,North,Electronics,Road,2026-01-26 06:49:21.872909699,118,40.3,3.63,Delivered,4.5,845.11
SHP1044,ORD5044,Central,Apparel,Road,2026-01-26 21:16:15.250836120,119,79.7,6.93,Delivered,5.3,1420.49
SHP1045,ORD5045,North,Apparel,Road,2026-01-27 11:43:08.628762542,85,72.0,4.51,Delivered,4.0,1304.86
SHP1046,ORD5046,West,Home & Living,Air,2026-01-28 02:10:02.006688963,18,38.1,4.37,Delivered,6.0,666.04
SHP1047,ORD5047,South,Home & Living,Rail,2026-01-28 16:36:55.384615384,13,50.6,0.37,Delivered,4.1,653.96
SHP1048,ORD5048,East,Electronics,Rail,2026-01-29 07:03:48.762541806,44,60.3,7.89,Delivered,5.6,1179.74
SHP1049,ORD5049,East,Apparel,Air,2026-01-29 21:30:42.140468227,70,4.7,1.07,Delivered,3.2,365.62
SHP1050,ORD5050,North,Home & Living,Road,2026-01-30 11:57:35.518394649,113,71.8,1.93,Delivered,3.1,1111.85
SHP1051,ORD5051,Central,Home & Living,Road,2026-01-31 02:24:28.896321070,29,69.1,0.51,Delayed,4.3,868.31
SHP1052,ORD5052,West,Sports,Rail,2026-01-31 16:51:22.274247491,107,37.7,5.16,Delivered,6.2,1020.88
SHP1053,ORD5053,Central,Home & Living,Rail,2026-02-01 07:18:15.652173913,77,32.5,1.88,Delivered,5.4,711.88
SHP1054,ORD5054,Central,Electronics,Air,2026-02-01 21:45:09.030100334,26,23.3,1.52,Delivered,3.9,428.68
SHP1055,ORD5055,East,Electronics,Road,2026-02-02 12:12:02.408026756,111,39.2,0.8,Delivered,5.0,668.69
SHP1056,ORD5056,Central,Home & Living,Road,2026-02-03 02:38:55.785953177,114,5.5,0.92,Delivered,4.8,512.24
SHP1057,ORD5057,North,Electronics,Road,2026-02-03 17:05:49.163879599,8,68.5,4.72,Delayed,3.7,1045.2
SHP1058,ORD5058,North,Home & Living,Road,2026-02-04 07:32:42.541806020,30,4.8,5.54,Delivered,2.8,671.41
SHP1059,ORD5059,North,Beauty,Rail,2026-02-04 21:59:35.919732441,62,27.7,3.24,Delivered,5.8,741.73
SHP1060,ORD5060,South,Home & Living,Rail,2026-02-05 12:26:29.297658863,33,74.7,3.89,Delivered,5.1,1031.68
SHP1061,ORD5061,South,Apparel,Road,2026-02-06 02:53:22.675585284,113,59.3,5.52,Delivered,6.5,1124.5
SHP1062,ORD5062,North,Home & Living,Sea,2026-02-06 17:20:16.053511706,102,23.9,0.24,Delivered,6.0,655.76
SHP1063,ORD5063,West,Apparel,Rail,2026-02-07 07:47:09.431438127,91,21.7,2.65,Delivered,5.2,724.82
SHP1064,ORD5064,South,Home & Living,Road,2026-02-07 22:14:02.809364548,41,2.4,7.79,Delivered,4.1,769.08
SHP1065,ORD5065,South,Beauty,Road,2026-02-08 12:40:56.187290970,79,56.3,4.68,Delivered,3.5,977.73
SHP1066,ORD5066,East,Apparel,Road,2026-02-09 03:07:49.565217391,74,5.8,2.11,Delivered,4.5,416.99
SHP1067,ORD5067,North,Beauty,Road,2026-02-09 17:34:42.943143813,22,43.5,4.22,Delivered,3.1,817.46
SHP1068,ORD5068,West,Beauty,Road,2026-02-10 08:01:36.321070234,89,77.0,2.81,Delayed,4.9,1191.35
SHP1069,ORD5069,North,Electronics,Road,2026-02-10 22:28:29.698996655,46,10.5,4.3,Delayed,5.6,563.74
SHP1070,ORD5070,Central,Electronics,Road,2026-02-11 12:55:23.076923077,104,71.8,1.09,Delayed,4.6,1021.97
SHP1071,ORD5071,West,Electronics,Road,2026-02-12 03:22:16.454849498,45,79.3,1.15,Delivered,5.2,1002.68
SHP1072,ORD5072,North,Electronics,Air,2026-02-12 17:49:09.832775920,42,6.8,1.23,Delivered,3.1,417.69
SHP1073,ORD5073,North,Electronics,Road,2026-02-13 08:16:03.210702341,38,70.9,7.52,Delivered,3.8,1342.54
SHP1074,ORD5074,West,Home & Living,Rail,2026-02-13 22:42:56.588628762,21,42.3,5.89,Delivered,4.0,1016.65
SHP1075,ORD5075,West,Electronics,Road,2026-02-14 13:09:49.966555184,41,72.7,1.38,Delivered,2.4,899.2
SHP1076,ORD5076,West,Apparel,Sea,2026-02-15 03:36:43.344481605,29,46.6,1.59,Delivered,5.4,662.97
SHP1077,ORD5077,West,Sports,Road,2026-02-15 18:03:36.722408027,106,53.6,5.87,Delivered,4.4,1079.73
SHP1078,ORD5078,North,Electronics,Road,2026-02-16 08:30:30.100334448,80,44.4,1.33,In Transit,5.1,761.51
SHP1079,ORD5079,South,Sports,Sea,2026-02-16 22:57:23.478260869,91,69.4,1.95,Delivered,6.3,1047.46
SHP1080,ORD5080,North,Apparel,Air,2026-02-17 13:24:16.856187291,110,59.2,7.71,Delivered,4.4,1354.88
SHP1081,ORD5081,Central,Electronics,Air,2026-02-18 03:51:10.234113712,90,42.7,2.12,Delivered,3.5,780.23
SHP1082,ORD5082,East,Home & Living,Road,2026-02-18 18:18:03.612040134,89,69.7,5.33,Delayed,5.1,1228.3
SHP1083,ORD5083,South,Home & Living,Road,2026-02-19 08:44:56.989966555,31,21.1,7.83,Delivered,5.9,871.8
SHP1084,ORD5084,North,Beauty,Rail,2026-02-19 23:11:50.367892976,61,14.3,3.06,Delivered,4.8,588.04
SHP1085,ORD5085,South,Sports,Sea,2026-02-20 13:38:43.745819398,35,14.5,0.24,Delivered,7.2,349.84
SHP1086,ORD5086,South,Sports,Rail,2026-02-21 04:05:37.123745819,10,28.1,2.03,Delivered,6.7,585.13
SHP1087,ORD5087,West,Apparel,Rail,2026-02-21 18:32:30.501672241,95,20.6,6.66,Delivered,4.5,1082.11
SHP1088,ORD5088,East,Electronics,Road,2026-02-22 08:59:23.879598662,44,74.5,6.93,Delayed,4.1,1187.3
SHP1089,ORD5089,Central,Sports,Air,2026-02-22 23:26:17.257525084,102,10.3,6.17,Delivered,3.7,659.73
SHP1090,ORD5090,South,Sports,Road,2026-02-23 13:53:10.635451505,16,56.5,0.99,Delivered,3.1,852.35
SHP1091,ORD5091,North,Beauty,Road,2026-02-24 04:20:04.013377927,113,16.8,6.38,Delivered,3.6,901.31
SHP1092,ORD5092,West,Apparel,Road,2026-02-24 18:46:57.391304348,57,70.8,7.36,Delivered,5.4,1278.31
SHP1093,ORD5093,West,Apparel,Road,2026-02-25 09:13:50.769230769,75,77.0,4.84,Delivered,2.3,1279.15
SHP1094,ORD5094,East,Sports,Road,2026-02-25 23:40:44.147157191,14,38.3,7.53,Delivered,3.8,911.42
SHP1095,ORD5095,West,Apparel,Road,2026-02-26 14:07:37.525083612,49,70.6,6.63,Delivered,4.2,1209.19
SHP1096,ORD5096,East,Beauty,Rail,2026-02-27 04:34:30.903010034,21,2.4,5.37,Delivered,4.3,635.48
SHP1097,ORD5097,East,Sports,Road,2026-02-27 19:01:24.280936455,30,66.0,4.66,Delivered,4.2,1159.37
SHP1098,ORD5098,South,Apparel,Rail,2026-02-28 09:28:17.658862876,89,19.8,2.85,Delivered,4.4,614.48
SHP1099,ORD5099,North,Sports,Road,2026-02-28 23:55:11.036789298,96,72.9,1.36,Delivered,3.9,1079.84
SHP1100,ORD5100,North,Sports,Road,2026-03-01 14:22:04.414715719,66,2.1,4.88,Delayed,3.4,615.6
SHP1101,ORD5101,North,Electronics,Rail,2026-03-02 04:48:57.792642141,50,45.4,2.61,Delivered,3.8,824.72
SHP1102,ORD5102,East,Beauty,Road,2026-03-02 19:15:51.170568562,68,61.0,6.94,Delivered,5.5,1181.47
SHP1103,ORD5103,South,Home & Living,Road,2026-03-03 09:42:44.548494983,6,22.2,7.95,Delayed,5.4,764.09
SHP1104,ORD5104,East,Sports,Road,2026-03-04 00:09:37.926421405,58,17.1,6.04,Delivered,3.5,820.17
SHP1105,ORD5105,Central,Apparel,Road,2026-03-04 14:36:31.304347826,111,8.6,0.81,Delayed,2.3,442.73
SHP1106,ORD5106,North,Beauty,Sea,2026-03-05 05:03:24.682274248,69,27.5,2.38,Delivered,6.2,665.62
SHP1107,ORD5107,South,Apparel,Road,2026-03-05 19:30:18.060200669,55,45.7,0.96,In Transit,3.4,761.1
SHP1108,ORD5108,West,Electronics,Air,2026-03-06 09:57:11.438127090,57,11.0,5.24,Delivered,4.1,694.4
SHP1109,ORD5109,North,Beauty,Road,2026-03-07 00:24:04.816053512,40,31.4,6.15,Delivered,2.7,866.8
SHP1110,ORD5110,North,Electronics,Rail,2026-03-07 14:50:58.193979933,119,2.7,7.41,Delivered,5.7,894.12
SHP1111,ORD5111,South,Apparel,Air,2026-03-08 05:17:51.571906355,30,65.9,3.56,In Transit,6.4,1038.43
SHP1112,ORD5112,North,Beauty,Rail,2026-03-08 19:44:44.949832776,33,12.0,7.22,Delayed,4.7,850.25
SHP1113,ORD5113,Central,Beauty,Road,2026-03-09 10:11:38.327759198,25,24.1,7.04,Delivered,4.7,802.94
SHP1114,ORD5114,West,Home & Living,Road,2026-03-10 00:38:31.705685619,15,3.4,2.61,Delivered,4.0,464.53
SHP1115,ORD5115,East,Home & Living,Road,2026-03-10 15:05:25.083612040,44,35.7,6.96,In Transit,5.4,958.64
SHP1116,ORD5116,Central,Apparel,Sea,2026-03-11 05:32:18.461538462,15,67.5,3.07,Delivered,6.4,1102.27
SHP1117,ORD5117,West,Apparel,Air,2026-03-11 19:59:11.839464883,40,32.6,2.45,Delayed,4.8,639.74
SHP1118,ORD5118,North,Apparel,Sea,2026-03-12 10:26:05.217391305,117,16.0,5.23,Delayed,4.6,837.34
SHP1119,ORD5119,Central,Home & Living,Road,2026-03-13 00:52:58.595317726,63,60.8,2.69,Delivered,5.1,905.79
SHP1120,ORD5120,East,Sports,Air,2026-03-13 15:19:51.973244147,43,63.5,5.08,Delivered,3.8,1053.01
SHP1121,ORD5121,West,Sports,Sea,2026-03-14 05:46:45.351170569,108,15.6,4.92,Delivered,4.4,849.77
SHP1122,ORD5122,Central,Sports,Road,2026-03-14 20:13:38.729096990,103,62.1,4.55,Delivered,4.8,1134.98
SHP1123,ORD5123,South,Electronics,Road,2026-03-15 10:40:32.107023412,58,75.9,3.11,Delayed,3.7,1095.65
SHP1124,ORD5124,North,Home & Living,Air,2026-03-16 01:07:25.484949833,102,15.0,4.43,Delivered,4.8,738.36
SHP1125,ORD5125,North,Electronics,Rail,2026-03-16 15:34:18.862876254,59,62.1,4.81,Delayed,3.7,1070.71
SHP1126,ORD5126,South,Home & Living,Air,2026-03-17 06:01:12.240802676,115,57.3,4.41,Delivered,4.4,1008.96
SHP1127,ORD5127,West,Apparel,Road,2026-03-17 20:28:05.618729097,28,38.9,3.61,In Transit,3.8,713.16
SHP1128,ORD5128,Central,Beauty,Air,2026-03-18 10:54:58.996655519,26,6.5,0.22,Delivered,4.6,349.13
SHP1129,ORD5129,North,Apparel,Road,2026-03-19 01:21:52.374581940,73,7.8,4.74,Delivered,3.6,668.17
SHP1130,ORD5130,East,Electronics,Road,2026-03-19 15:48:45.752508361,60,68.5,1.43,Delivered,3.6,825.58
SHP1131,ORD5131,South,Electronics,Road,2026-03-20 06:15:39.130434783,37,79.2,5.18,Delayed,4.9,1247.62
SHP1132,ORD5132,North,Sports,Air,2026-03-20 20:42:32.508361204,40,54.7,6.1,Delivered,3.5,1127.52
SHP1133,ORD5133,North,Home & Living,Rail,2026-03-21 11:09:25.886287626,115,36.8,4.05,Delayed,4.8,877.77
SHP1134,ORD5134,South,Electronics,Rail,2026-03-22 01:36:19.264214047,24,52.5,4.38,Delivered,4.5,951.99
SHP1135,ORD5135,Central,Electronics,Road,2026-03-22 16:03:12.642140468,87,48.4,7.62,Delivered,3.6,1119.06
SHP1136,ORD5136,South,Sports,Air,2026-03-23 06:30:06.020066890,103,31.9,6.79,Delivered,5.1,1002.41
SHP1137,ORD5137,East,Electronics,Road,2026-03-23 20:56:59.397993311,120,7.1,7.32,Delivered,5.4,780.27
SHP1138,ORD5138,West,Sports,Air,2026-03-24 11:23:52.775919733,111,66.1,6.53,Delivered,3.4,1234.42
SHP1139,ORD5139,South,Sports,Road,2026-03-25 01:50:46.153846154,85,31.0,0.96,In Transit,4.6,690.77
SHP1140,ORD5140,Central,Electronics,Road,2026-03-25 16:17:39.531772575,66,65.9,1.28,In Transit,5.7,974.96
SHP1141,ORD5141,Central,Electronics,Road,2026-03-26 06:44:32.909698997,113,21.7,4.26,In Transit,4.4,806.56
SHP1142,ORD5142,North,Beauty,Road,2026-03-26 21:11:26.287625418,111,2.1,2.04,Delayed,3.8,482.75
SHP1143,ORD5143,East,Apparel,Air,2026-03-27 11:38:19.665551840,102,14.4,3.87,Delivered,4.5,578.26
SHP1144,ORD5144,South,Apparel,Road,2026-03-28 02:05:13.043478261,77,38.5,3.22,Delivered,4.1,768.23
SHP1145,ORD5145,South,Sports,Road,2026-03-28 16:32:06.421404682,30,75.7,4.44,Delivered,5.3,1082.99
SHP1146,ORD5146,North,Beauty,Air,2026-03-29 06:58:59.799331104,70,10.0,6.0,Delayed,3.5,664.62
SHP1147,ORD5147,East,Beauty,Road,2026-03-29 21:25:53.177257525,77,68.6,5.75,Delivered,4.0,1193.13
SHP1148,ORD5148,East,Sports,Rail,2026-03-30 11:52:46.555183947,77,43.1,4.22,Delivered,5.6,904.9
SHP1149,ORD5149,North,Apparel,Sea,2026-03-31 02:19:39.933110368,44,66.4,6.6,Delivered,4.2,1242.77
SHP1150,ORD5150,North,Electronics,Rail,2026-03-31 16:46:33.311036790,21,25.3,3.5,Delivered,6.3,729.44
SHP1151,ORD5151,Central,Sports,Road,2026-04-01 07:13:26.688963211,5,67.5,7.18,Delayed,6.2,1136.54
SHP1152,ORD5152,North,Home & Living,Sea,2026-04-01 21:40:20.066889632,93,62.3,0.66,Delayed,5.7,866.34
SHP1153,ORD5153,North,Apparel,Rail,2026-04-02 12:07:13.444816054,65,19.9,7.64,Delivered,4.9,870.81
SHP1154,ORD5154,East,Beauty,Road,2026-04-03 02:34:06.822742475,47,12.2,5.27,In Transit,5.0,702.35
SHP1155,ORD5155,Central,Electronics,Road,2026-04-03 17:01:00.200668897,108,69.7,3.1,Delivered,4.4,1133.59
SHP1156,ORD5156,North,Home & Living,Air,2026-04-04 07:27:53.578595318,46,77.1,1.66,Delivered,4.0,989.83
SHP1157,ORD5157,West,Electronics,Rail,2026-04-04 21:54:46.956521739,29,4.4,3.89,Delivered,3.9,600.29
SHP1158,ORD5158,West,Apparel,Rail,2026-04-05 12:21:40.334448161,43,59.0,1.64,Delivered,5.2,851.15
SHP1159,ORD5159,North,Electronics,Air,2026-04-06 02:48:33.712374582,39,72.9,1.41,Delivered,4.5,1023.22
SHP1160,ORD5160,West,Electronics,Air,2026-04-06 17:15:27.090301004,7,68.9,4.98,In Transit,3.6,1074.9
SHP1161,ORD5161,South,Electronics,Road,2026-04-07 07:42:20.468227425,118,77.2,4.23,Delivered,4.0,1093.66
SHP1162,ORD5162,East,Home & Living,Road,2026-04-07 22:09:13.846153846,105,61.3,5.39,Delayed,3.6,1249.89
SHP1163,ORD5163,East,Sports,Road,2026-04-08 12:36:07.224080268,112,36.5,7.44,Delivered,6.0,1032.82
SHP1164,ORD5164,East,Home & Living,Air,2026-04-09 03:03:00.602006689,48,26.3,4.3,Delivered,3.8,652.22
SHP1165,ORD5165,North,Beauty,Road,2026-04-09 17:29:53.979933111,55,27.0,4.69,Delivered,3.9,796.76
SHP1166,ORD5166,West,Apparel,Rail,2026-04-10 07:56:47.357859532,98,58.5,0.81,Delivered,5.0,793.15
SHP1167,ORD5167,South,Apparel,Air,2026-04-10 22:23:40.735785953,106,60.2,5.77,Delivered,4.4,1104.1
SHP1168,ORD5168,North,Sports,Air,2026-04-11 12:50:34.113712375,102,17.6,3.26,In Transit,4.4,743.54
SHP1169,ORD5169,North,Electronics,Road,2026-04-12 03:17:27.491638796,16,69.7,7.82,Delivered,3.8,1257.69
SHP1170,ORD5170,East,Beauty,Air,2026-04-12 17:44:20.869565218,23,57.8,6.6,Delivered,3.3,1097.27
SHP1171,ORD5171,West,Electronics,Road,2026-04-13 08:11:14.247491639,105,45.9,4.23,Delivered,3.1,927.72
SHP1172,ORD5172,North,Beauty,Air,2026-04-13 22:38:07.625418060,48,38.8,1.07,Delivered,3.2,546.84
SHP1173,ORD5173,East,Electronics,Road,2026-04-14 13:05:01.003344482,63,44.4,6.89,Delivered,3.8,1078.22
SHP1174,ORD5174,North,Beauty,Road,2026-04-15 03:31:54.381270903,53,14.4,6.42,Delivered,3.8,810.66
SHP1175,ORD5175,West,Home & Living,Air,2026-04-15 17:58:47.759197324,65,17.9,1.56,Delivered,5.1,563.67
SHP1176,ORD5176,North,Beauty,Road,2026-04-16 08:25:41.137123746,21,9.1,2.43,Delivered,3.8,464.35
SHP1177,ORD5177,West,Electronics,Road,2026-04-16 22:52:34.515050168,78,14.0,6.37,Delivered,4.0,735.36
SHP1178,ORD5178,South,Home & Living,Air,2026-04-17 13:19:27.892976588,61,37.4,1.56,Delivered,4.1,799.48
SHP1179,ORD5179,Central,Beauty,Air,2026-04-18 03:46:21.270903010,59,43.4,7.35,Delivered,4.0,1055.44
SHP1180,ORD5180,North,Home & Living,Rail,2026-04-18 18:13:14.648829432,117,3.4,3.45,Delivered,4.4,610.19
SHP1181,ORD5181,South,Home & Living,Rail,2026-04-19 08:40:08.026755854,51,64.2,0.79,In Transit,5.4,858.13
SHP1182,ORD5182,North,Home & Living,Rail,2026-04-19 23:07:01.404682274,16,24.9,6.54,Delivered,5.3,828.53
SHP1183,ORD5183,Central,Apparel,Road,2026-04-20 13:33:54.782608696,66,73.1,3.05,Delivered,5.7,1120.78
SHP1184,ORD5184,Central,Home & Living,Road,2026-04-21 04:00:48.160535118,84,77.5,4.26,Delivered,6.7,1199.33
SHP1185,ORD5185,North,Home & Living,Road,2026-04-21 18:27:41.538461538,92,16.5,0.99,In Transit,4.6,579.47
SHP1186,ORD5186,West,Beauty,Sea,2026-04-22 08:54:34.916387960,87,38.0,0.12,Delivered,7.4,718.23
SHP1187,ORD5187,West,Electronics,Rail,2026-04-22 23:21:28.294314382,12,2.1,5.14,Delivered,4.0,549.12
SHP1188,ORD5188,East,Apparel,Road,2026-04-23 13:48:21.672240802,99,48.7,4.17,Delayed,6.6,1009.82
SHP1189,ORD5189,East,Beauty,Road,2026-04-24 04:15:15.050167224,25,49.4,4.79,Delivered,4.4,943.83
SHP1190,ORD5190,North,Beauty,Sea,2026-04-24 18:42:08.428093646,85,21.3,6.37,Delivered,4.9,907.92
SHP1191,ORD5191,North,Apparel,Road,2026-04-25 09:09:01.806020068,91,45.6,5.21,Delivered,4.0,954.54
SHP1192,ORD5192,Central,Home & Living,Rail,2026-04-25 23:35:55.183946488,105,19.6,1.48,Delivered,5.0,643.0
SHP1193,ORD5193,Central,Apparel,Road,2026-04-26 14:02:48.561872910,84,14.5,2.95,In Transit,4.9,617.16
SHP1194,ORD5194,East,Electronics,Rail,2026-04-27 04:29:41.939799332,74,52.8,7.26,Delayed,4.6,1133.78
SHP1195,ORD5195,South,Apparel,Road,2026-04-27 18:56:35.317725752,76,27.4,6.18,Delivered,5.2,836.17
SHP1196,ORD5196,South,Apparel,Air,2026-04-28 09:23:28.695652174,29,48.0,4.5,Delivered,3.6,889.68
SHP1197,ORD5197,West,Home & Living,Sea,2026-04-28 23:50:22.073578596,86,35.8,2.12,Delivered,6.0,831.16
SHP1198,ORD5198,Central,Electronics,Rail,2026-04-29 14:17:15.451505018,93,78.8,2.49,Delivered,6.6,1116.75
SHP1199,ORD5199,Central,Beauty,Rail,2026-04-30 04:44:08.829431438,16,13.7,5.88,Delayed,4.9,662.5
SHP1200,ORD5200,West,Beauty,Sea,2026-04-30 19:11:02.207357860,19,38.2,6.82,Delivered,6.1,939.14
SHP1201,ORD5201,West,Home & Living,Air,2026-05-01 09:37:55.585284282,63,55.1,5.4,Delivered,4.4,1042.02
SHP1202,ORD5202,North,Home & Living,Road,2026-05-02 00:04:48.963210702,30,32.9,6.5,Delayed,6.1,835.48
SHP1203,ORD5203,North,Apparel,Rail,2026-05-02 14:31:42.341137124,109,78.0,6.16,Delivered,4.0,1477.66
SHP1204,ORD5204,Central,Sports,Rail,2026-05-03 04:58:35.719063546,113,58.3,1.28,Delivered,5.9,911.43
SHP1205,ORD5205,East,Home & Living,Road,2026-05-03 19:25:29.096989966,30,53.2,3.45,Delivered,3.2,740.96
SHP1206,ORD5206,North,Electronics,Air,2026-05-04 09:52:22.474916388,51,61.1,1.31,In Transit,3.3,825.59
SHP1207,ORD5207,North,Beauty,Sea,2026-05-05 00:19:15.852842810,36,76.3,1.96,Delivered,5.5,1042.08
SHP1208,ORD5208,West,Sports,Sea,2026-05-05 14:46:09.230769232,14,72.8,6.97,Delivered,6.7,1323.99
SHP1209,ORD5209,North,Beauty,Road,2026-05-06 05:13:02.608695652,20,58.5,3.84,Delivered,3.0,940.05
SHP1210,ORD5210,North,Sports,Road,2026-05-06 19:39:55.986622074,75,60.4,4.33,Delivered,4.8,997.49
SHP1211,ORD5211,East,Home & Living,Sea,2026-05-07 10:06:49.364548496,21,13.4,1.51,Delayed,5.7,481.4
SHP1212,ORD5212,West,Apparel,Air,2026-05-08 00:33:42.742474916,27,10.0,2.57,Delayed,2.5,472.16
SHP1213,ORD5213,West,Beauty,Road,2026-05-08 15:00:36.120401338,30,46.5,1.92,Delivered,4.5,617.54
SHP1214,ORD5214,North,Sports,Sea,2026-05-09 05:27:29.498327760,89,3.4,1.73,Delivered,6.7,598.07
SHP1215,ORD5215,West,Electronics,Air,2026-05-09 19:54:22.876254180,90,39.6,5.14,Delivered,2.9,874.79
SHP1216,ORD5216,North,Electronics,Road,2026-05-10 10:21:16.254180602,11,18.4,2.13,Delivered,4.0,574.69
SHP1217,ORD5217,South,Apparel,Rail,2026-05-11 00:48:09.632107024,18,29.0,5.09,Delivered,4.0,797.74
SHP1218,ORD5218,West,Sports,Road,2026-05-11 15:15:03.010033446,83,62.5,0.56,Delayed,3.9,898.63
SHP1219,ORD5219,West,Beauty,Road,2026-05-12 05:41:56.387959866,11,75.4,1.22,Delivered,5.6,965.92
SHP1220,ORD5220,West,Electronics,Road,2026-05-12 20:08:49.765886288,13,7.6,2.27,Delivered,4.1,452.37
SHP1221,ORD5221,West,Home & Living,Air,2026-05-13 10:35:43.143812710,119,43.7,4.82,Delivered,5.2,1013.31
SHP1222,ORD5222,East,Apparel,Road,2026-05-14 01:02:36.521739130,52,70.8,5.44,Delayed,5.7,1146.36
SHP1223,ORD5223,North,Beauty,Road,2026-05-14 15:29:29.899665552,76,8.4,3.6,Delayed,3.8,609.07
SHP1224,ORD5224,South,Sports,Road,2026-05-15 05:56:23.277591974,118,66.3,3.62,Delayed,4.0,1079.39
SHP1225,ORD5225,North,Sports,Rail,2026-05-15 20:23:16.655518396,63,29.9,5.82,Delivered,3.7,867.61
SHP1226,ORD5226,North,Apparel,Sea,2026-05-16 10:50:10.033444816,91,27.1,0.22,Delivered,4.4,741.86
SHP1227,ORD5227,Central,Apparel,Road,2026-05-17 01:17:03.411371238,97,78.2,2.79,Delayed,5.1,1087.4
SHP1228,ORD5228,South,Apparel,Road,2026-05-17 15:43:56.789297660,86,17.7,6.57,Delivered,4.5,848.84
SHP1229,ORD5229,Central,Electronics,Air,2026-05-18 06:10:50.167224080,99,56.1,4.87,Delivered,3.8,1056.49
SHP1230,ORD5230,East,Sports,Road,2026-05-18 20:37:43.545150502,98,66.1,2.76,Delayed,3.3,1017.71
SHP1231,ORD5231,West,Sports,Road,2026-05-19 11:04:36.923076924,120,5.2,7.25,Delayed,4.4,853.64
SHP1232,ORD5232,East,Beauty,Road,2026-05-20 01:31:30.301003344,43,54.3,6.2,Delivered,4.3,1085.03
SHP1233,ORD5233,East,Beauty,Road,2026-05-20 15:58:23.678929766,103,76.2,2.19,Delivered,4.5,1040.33
SHP1234,ORD5234,East,Home & Living,Road,2026-05-21 06:25:17.056856188,22,11.7,5.2,Delivered,5.0,632.97
SHP1235,ORD5235,North,Sports,Road,2026-05-21 20:52:10.434782610,63,71.9,4.81,Delivered,1.8,1085.42
SHP1236,ORD5236,West,Beauty,Road,2026-05-22 11:19:03.812709030,110,48.4,3.27,Delivered,2.9,981.42
SHP1237,ORD5237,South,Sports,Sea,2026-05-23 01:45:57.190635452,107,50.1,3.0,Delayed,7.7,1002.81
SHP1238,ORD5238,North,Electronics,Road,2026-05-23 16:12:50.568561874,21,49.8,2.81,Delayed,3.6,803.88
SHP1239,ORD5239,West,Apparel,Rail,2026-05-24 06:39:43.946488294,18,25.3,4.98,Delayed,2.4,776.75
SHP1240,ORD5240,North,Electronics,Rail,2026-05-24 21:06:37.324414716,35,74.9,3.6,Delivered,3.2,1070.05
SHP1241,ORD5241,Central,Beauty,Road,2026-05-25 11:33:30.702341138,28,75.9,6.67,Delayed,7.0,1280.52
SHP1242,ORD5242,Central,Home & Living,Rail,2026-05-26 02:00:24.080267558,103,50.8,5.39,Delayed,4.6,1033.89
SHP1243,ORD5243,Central,Electronics,Road,2026-05-26 16:27:17.458193980,112,63.1,0.65,Delivered,5.8,992.0
SHP1244,ORD5244,South,Home & Living,Sea,2026-05-27 06:54:10.836120402,64,49.8,5.16,Delayed,5.7,1019.0
SHP1245,ORD5245,North,Home & Living,Road,2026-05-27 21:21:04.214046824,49,39.8,2.24,Delayed,3.7,633.91
SHP1246,ORD5246,Central,Apparel,Road,2026-05-28 11:47:57.591973244,102,53.5,4.78,Delivered,5.5,1032.63
SHP1247,ORD5247,South,Electronics,Road,2026-05-29 02:14:50.969899666,7,45.1,5.47,Delivered,2.4,864.14
SHP1248,ORD5248,Central,Home & Living,Sea,2026-05-29 16:41:44.347826088,41,48.6,1.92,Delivered,4.6,810.82
SHP1249,ORD5249,Central,Home & Living,Road,2026-05-30 07:08:37.725752508,47,63.1,3.71,Delivered,4.4,1004.39
SHP1250,ORD5250,West,Sports,Rail,2026-05-30 21:35:31.103678930,44,39.5,1.6,Delivered,3.5,764.98
SHP1251,ORD5251,South,Home & Living,Road,2026-05-31 12:02:24.481605352,94,5.2,0.51,Delayed,4.0,407.71
SHP1252,ORD5252,South,Sports,Air,2026-06-01 02:29:17.859531772,59,14.8,3.09,Delivered,4.9,527.91
SHP1253,ORD5253,West,Home & Living,Road,2026-06-01 16:56:11.237458194,91,36.2,2.97,Delivered,4.4,735.39
SHP1254,ORD5254,South,Home & Living,Air,2026-06-02 07:23:04.615384616,112,58.5,7.96,Delivered,5.3,1231.85
SHP1255,ORD5255,North,Beauty,Road,2026-06-02 21:49:57.993311038,43,48.3,3.63,Delivered,4.3,759.42
SHP1256,ORD5256,East,Apparel,Road,2026-06-03 12:16:51.371237458,19,52.7,2.74,Delivered,5.6,776.02
SHP1257,ORD5257,Central,Electronics,Road,2026-06-04 02:43:44.749163880,117,39.4,4.69,Delivered,4.7,1022.37
SHP1258,ORD5258,West,Electronics,Road,2026-06-04 17:10:38.127090302,8,50.0,0.8,Delivered,3.8,626.92
SHP1259,ORD5259,East,Sports,Rail,2026-06-05 07:37:31.505016722,97,27.7,7.7,Delivered,6.4,1054.48
SHP1260,ORD5260,North,Home & Living,Road,2026-06-05 22:04:24.882943144,90,38.7,5.12,Delivered,3.5,866.74
SHP1261,ORD5261,East,Sports,Air,2026-06-06 12:31:18.260869566,29,60.1,6.06,Delivered,4.6,1147.11
SHP1262,ORD5262,Central,Electronics,Road,2026-06-07 02:58:11.638795988,17,70.0,1.45,Delayed,5.5,981.62
SHP1263,ORD5263,North,Electronics,Rail,2026-06-07 17:25:05.016722408,86,35.8,3.33,Delivered,5.3,861.46
SHP1264,ORD5264,East,Electronics,Road,2026-06-08 07:51:58.394648830,37,5.4,3.44,Delayed,3.7,610.72
SHP1265,ORD5265,Central,Apparel,Road,2026-06-08 22:18:51.772575252,20,14.6,6.59,Delivered,5.7,743.82
SHP1266,ORD5266,West,Home & Living,Rail,2026-06-09 12:45:45.150501672,113,3.6,0.11,Delivered,3.8,474.32
SHP1267,ORD5267,West,Apparel,Road,2026-06-10 03:12:38.528428094,46,53.0,2.48,Delivered,5.0,911.21
SHP1268,ORD5268,West,Apparel,Road,2026-06-10 17:39:31.906354516,112,27.9,7.85,Delivered,4.8,1038.63
SHP1269,ORD5269,South,Beauty,Air,2026-06-11 08:06:25.284280936,70,44.3,3.85,Delivered,4.8,773.77
SHP1270,ORD5270,South,Apparel,Sea,2026-06-11 22:33:18.662207358,59,40.5,3.12,Delivered,4.5,899.09
SHP1271,ORD5271,West,Home & Living,Road,2026-06-12 13:00:12.040133780,103,8.4,1.05,Delivered,4.8,460.2
SHP1272,ORD5272,West,Sports,Road,2026-06-13 03:27:05.418060202,46,33.5,7.8,Delivered,5.3,956.54
SHP1273,ORD5273,Central,Apparel,Rail,2026-06-13 17:53:58.795986622,38,19.2,0.26,Delivered,5.4,476.48
SHP1274,ORD5274,Central,Home & Living,Road,2026-06-14 08:20:52.173913044,34,34.6,5.92,Delivered,4.1,898.15
SHP1275,ORD5275,East,Sports,Road,2026-06-14 22:47:45.551839466,17,17.9,6.17,Delivered,5.5,731.61
SHP1276,ORD5276,East,Beauty,Road,2026-06-15 13:14:38.929765886,17,67.6,2.02,Delivered,4.8,927.67
SHP1277,ORD5277,West,Electronics,Air,2026-06-16 03:41:32.307692308,22,15.6,5.41,Delayed,2.4,609.27
SHP1278,ORD5278,West,Beauty,Rail,2026-06-16 18:08:25.685618730,36,76.9,0.83,In Transit,3.9,947.9
SHP1279,ORD5279,West,Home & Living,Road,2026-06-17 08:35:19.063545150,100,34.4,2.13,Delivered,3.8,796.05
SHP1280,ORD5280,West,Electronics,Road,2026-06-17 23:02:12.441471572,103,68.0,6.32,Delayed,5.7,1350.3
SHP1281,ORD5281,Central,Apparel,Road,2026-06-18 13:29:05.819397994,43,51.0,6.93,Delivered,6.0,1183.3
SHP1282,ORD5282,South,Beauty,Rail,2026-06-19 03:55:59.197324416,50,59.4,4.91,Delivered,6.1,1078.06
SHP1283,ORD5283,South,Home & Living,Road,2026-06-19 18:22:52.575250836,120,61.9,4.1,Delivered,4.7,1151.9
SHP1284,ORD5284,North,Apparel,Road,2026-06-20 08:49:45.953177258,33,41.4,1.36,Delayed,4.9,778.19
SHP1285,ORD5285,East,Home & Living,Air,2026-06-20 23:16:39.331103680,66,44.4,0.6,Delivered,3.3,638.7
SHP1286,ORD5286,North,Electronics,Road,2026-06-21 13:43:32.709030100,117,42.1,1.03,Delivered,4.1,808.88
SHP1287,ORD5287,South,Electronics,Rail,2026-06-22 04:10:26.086956522,97,47.9,1.9,Delivered,5.3,904.76
SHP1288,ORD5288,East,Electronics,Road,2026-06-22 18:37:19.464882944,66,4.3,2.8,Delayed,3.7,577.43
SHP1289,ORD5289,South,Electronics,Road,2026-06-23 09:04:12.842809364,112,32.9,3.11,Delayed,4.7,745.51
SHP1290,ORD5290,East,Electronics,Road,2026-06-23 23:31:06.220735786,61,49.3,2.84,Delayed,6.2,801.33
SHP1291,ORD5291,North,Electronics,Air,2026-06-24 13:57:59.598662208,20,48.6,1.99,Delivered,4.2,722.43
SHP1292,ORD5292,North,Home & Living,Air,2026-06-25 04:24:52.976588630,60,63.9,4.13,Delivered,4.5,1038.13
SHP1293,ORD5293,West,Electronics,Air,2026-06-25 18:51:46.354515050,112,53.1,6.62,Delivered,1.7,1202.46
SHP1294,ORD5294,South,Apparel,Road,2026-06-26 09:18:39.732441472,115,79.4,2.31,Delivered,5.9,1168.71
SHP1295,ORD5295,North,Beauty,Rail,2026-06-26 23:45:33.110367894,14,24.1,7.54,Delivered,4.3,857.77
SHP1296,ORD5296,East,Apparel,Road,2026-06-27 14:12:26.488294314,34,30.0,7.0,Delivered,4.0,912.51
SHP1297,ORD5297,West,Home & Living,Road,2026-06-28 04:39:19.866220736,29,31.9,1.38,In Transit,4.1,605.26
SHP1298,ORD5298,North,Electronics,Air,2026-06-28 19:06:13.244147158,107,38.3,6.31,Delayed,2.4,1094.23
SHP1299,ORD5299,East,Electronics,Road,2026-06-29 09:33:06.622073580,88,67.2,4.64,Delayed,5.6,1142.11
SHP1300,ORD5300,North,Electronics,Road,2026-06-30 00:00:00.000000000,9,20.4,4.58,In Transit,3.8,623.63
